-- Migration Script generated by Antigravity
-- Target Database: MySQL (mgmp-v2)

SET FOREIGN_KEY_CHECKS=0;

-- 1. Ensure profiles table extensions
ALTER TABLE profiles ADD COLUMN IF NOT EXISTS email VARCHAR(255);
ALTER TABLE profiles ADD COLUMN IF NOT EXISTS password_hash VARCHAR(255);
ALTER TABLE profiles ADD COLUMN IF NOT EXISTS mapel TEXT; -- JSON
ALTER TABLE profiles ADD COLUMN IF NOT EXISTS kelas TEXT; -- JSON
ALTER TABLE profiles ADD COLUMN IF NOT EXISTS subscription_status VARCHAR(50);
ALTER TABLE events ADD COLUMN IF NOT EXISTS updated_at TIMESTAMP DEFAULT CURRENT_TIMESTAMP ON UPDATE CURRENT_TIMESTAMP;

-- 2. Create/Update learning_materials if missing (Consolidated CP/TP/Resources)
CREATE TABLE IF NOT EXISTS learning_materials (
    id CHAR(36) PRIMARY KEY,
    title VARCHAR(255) NOT NULL,
    type VARCHAR(20) NOT NULL, -- cp, tp, rpp, slide, modul
    mapel VARCHAR(50) NOT NULL,
    kelas VARCHAR(50), 
    semester INT, -- 1=Ganjil, 2=Genap
    content TEXT,
    file_url TEXT,
    is_premium BOOLEAN DEFAULT FALSE,
    author_id CHAR(36),
    created_at TIMESTAMP DEFAULT CURRENT_TIMESTAMP,
    code VARCHAR(50)
);

INSERT IGNORE INTO `events` (`id`, `title`, `description`, `date`, `location`, `image_url`, `materials_url`, `tasks_url`, `is_registration_open`, `created_at`, `updated_at`, `certificate_url`, `certificate_template`)  VALUES
('1768360a-a661-4028-a5d1-3483135fd374', 'Koding Interaktif dengan PictoBlox (Mulai dari 0)', '- Dasar Pemrograman Block dengan PictoBlox untuk pembelajaran Informatika dan KKA\r\n- Integrasi PictoBlox dalam Pembelajaran dengan Model TPACK\r\n- Pelatihan Dasar Koding Aplikasi Interaktif Menggunakan PictoBlox untuk Guru Informatika dan KKA', '2025-11-26 00:30:00', 'SMP Bhakti Mulia', '/uploads/events/images/image-690ddfbea80906.64351534.png', 'https://s.id/MateriWorkshopNovember2025', 'https://s.id/TugasWorkshopNovember2025', 1, '2025-11-06 16:03:53', '2025-11-19 06:31:22', 'https://s.id/Am0yX', NULL),
('4e1684bb-b40d-4e8b-85b1-4ee632b33c3e', 'Pertemuan Rutin MGMP Informatika Februari 2026', 'Acara : Pertemuan Rutin MGMP Informatika Februari 2026\r\n- Penguatan CP, TP, ATP IF Semester 2 Kelas 7-9\r\n- Optimalisasi Web MGMP\r\n- Sosialisasi Permendikdasmen Nomor 1 Tahun 2026 dan Nomor 6 Tahun 2026', '2026-02-04 07:30:00', 'SMP Bhakti Mulia', '/uploads/events/event-6980601a29e008.36013739.png', NULL, NULL, 1, '2026-01-15 02:41:14', '2026-02-04 04:34:35', NULL, NULL),
('6b7db257-0b1d-4c80-96de-dc50a76ef5c3', 'BBGTK - HGN 2025 : Peningkatan Kompetensi GTK - Kab. Wonosobo', 'Perancangan Pembelajaran dengan Memanfaatkan KKA', '2025-11-11 00:30:00', 'Hotel Dafam Wonosobo', '/uploads/events/images/image-690e160e4e1f98.69991727.png', 'https://s.bbgtkjateng.org/PKG-HGN-2025', 'https://s.bbgtkjateng.org/PKG-HGN-2025', 0, '2025-11-07 15:53:50', '2025-11-15 06:25:16', 'https://s.bbgtkjateng.org/PKG-HGN-2025', NULL),
('92f86be7-7e0e-4c95-bf70-588e97c60120', 'Koding Asik dengan Python (Mulai dari 0)', '- Pemetaan CP Informatika dan KKA\r\n- Bedah Buku Pendamping Kelas 9 (Pemrograman Python)\r\n- Belajar Koding dengan Bahasa Pemrograman Python', '2025-11-19 00:30:00', 'SMP Bhakti Mulia', '/uploads/events/images/image-690e17d5741dc7.50313135.png', NULL, NULL, 1, '2025-11-07 16:01:25', '2025-11-11 02:10:05', NULL, NULL),
('dbbb74b5-38d9-4ed7-b10e-6e85f19e09e9', 'Membuat Website Sekolah (Mulai dari 0)', '- Pelatihan Gratis\r\n- Membayar Akomodasi (Snack + Makan) dan hosting (free domain .sch.id) untuk 1 tahun', '2025-12-17 00:30:00', 'tbd', '/uploads/events/images/image-690f51da666ec4.79032489.png', '', '', 0, '2025-11-08 14:21:14', '2025-11-11 15:40:43', '', NULL);

INSERT IGNORE INTO `event_participants` (`event_id`, `user_id`, `is_hadir`, `registered_at`, `tugas_submitted`, `task_url`) VALUES
('1768360a-a661-4028-a5d1-3483135fd374', '0a244621-12c6-40d4-827d-11621dfb1a49', 1, '2025-11-11 07:14:24', 0, NULL),
('1768360a-a661-4028-a5d1-3483135fd374', '0e21af42-a409-4d1a-b2bb-abf59bf9b438', 1, '2025-11-18 02:31:45', 0, NULL),
('1768360a-a661-4028-a5d1-3483135fd374', '18374a0d-3673-472e-8568-696d6cf18a35', 1, '2025-11-18 02:37:17', 0, NULL),
('1768360a-a661-4028-a5d1-3483135fd374', '1c50fb64-11b1-4eed-be5c-8b0d49b194ec', 1, '2025-11-11 02:33:49', 0, NULL),
('1768360a-a661-4028-a5d1-3483135fd374', '20341cd9-41b9-4f76-84cd-6a3039e7da7d', 1, '2025-11-11 07:12:46', 1, 'https://drive.google.com/drive/folders/1faEIKgf8JXzGwJsU0rDjinPjDC1M1xuY?usp=sharing'),
('1768360a-a661-4028-a5d1-3483135fd374', '2a4a92a0-ad38-4c99-b55d-41e6e0b2a1f6', 1, '2025-11-06 17:06:56', 1, 'https://mgmpinformatika-wsb.my.id/#/admin/pelatihan'),
('1768360a-a661-4028-a5d1-3483135fd374', '2a66bbb4-56f0-4f90-87d6-8151baff364a', 1, '2025-11-20 12:34:50', 0, NULL),
('1768360a-a661-4028-a5d1-3483135fd374', '3028b8d3-a17f-46f6-b187-48649923404a', 1, '2025-11-20 05:28:26', 0, NULL),
('1768360a-a661-4028-a5d1-3483135fd374', '3802ce50-9bca-4a04-a7df-527027402d84', 1, '2025-11-19 23:58:38', 0, NULL),
('1768360a-a661-4028-a5d1-3483135fd374', '3b83adf6-bb10-11f0-85bd-00163e02c8b0', 1, '2025-11-18 02:43:48', 0, NULL),
('1768360a-a661-4028-a5d1-3483135fd374', '3cc884a8-b8bd-4b21-8fe7-e2d668df77c0', 1, '2025-11-11 03:20:59', 0, NULL),
('1768360a-a661-4028-a5d1-3483135fd374', '43229640-fe2b-41f2-b03c-846bb0e2b483', 1, '2025-11-11 02:10:30', 0, NULL),
('1768360a-a661-4028-a5d1-3483135fd374', '46351949-a894-4755-a61c-f925df49f333', 1, '2025-11-18 02:57:35', 1, 'https://pictoblox.page.link/khfi3V3SGjdzaj9QA'),
('1768360a-a661-4028-a5d1-3483135fd374', '4d37a374-be6c-4cf7-a73e-fdd8e6fccedc', 1, '2025-11-18 03:36:04', 0, NULL),
('1768360a-a661-4028-a5d1-3483135fd374', '509334b5-96ed-4dfe-b8ae-9977ff5c2b7b', 1, '2025-11-19 09:29:32', 1, 'https://drive.google.com/file/d/1ZhRYbb-N5oe6bfQhJeX7IdRZxjs9nzEL/view?usp=drivesdk'),
('1768360a-a661-4028-a5d1-3483135fd374', '522ca26b-7a42-4ea9-acb3-55628147e73d', 1, '2025-11-21 02:54:25', 0, NULL),
('1768360a-a661-4028-a5d1-3483135fd374', '61daee0d-1b08-43ac-85aa-0ad75e922210', 1, '2025-11-11 04:03:51', 0, NULL),
('1768360a-a661-4028-a5d1-3483135fd374', '638367eb-398d-4dad-88d7-2c10b5aebe91', 1, '2025-11-11 05:03:39', 0, NULL),
('1768360a-a661-4028-a5d1-3483135fd374', '66960ce8-3e85-41b3-bdbb-84d02de11a22', 1, '2025-11-19 11:12:32', 0, NULL),
('1768360a-a661-4028-a5d1-3483135fd374', '6fe853fe-243e-457c-acaa-b22c40e36fc3', 1, '2025-11-19 09:20:59', 0, NULL),
('1768360a-a661-4028-a5d1-3483135fd374', '81a93c58-a8d7-4655-b064-71d101dd5e49', 1, '2025-11-18 02:24:52', 0, NULL),
('1768360a-a661-4028-a5d1-3483135fd374', '8a431644-957c-4c38-8dff-91e2b87bf3be', 1, '2025-11-11 03:11:14', 0, NULL),
('1768360a-a661-4028-a5d1-3483135fd374', 'b8735d3d-9f13-48a8-86da-16cae6e022d2', 1, '2025-11-11 03:16:47', 0, NULL),
('1768360a-a661-4028-a5d1-3483135fd374', 'bcbf34fe-7f98-4f46-9567-e6c7254a5d40', 1, '2025-11-20 03:47:42', 0, NULL),
('1768360a-a661-4028-a5d1-3483135fd374', 'c649e1c3-05ab-4245-99cd-4aa9afaccafc', 1, '2025-11-12 02:41:52', 0, NULL),
('1768360a-a661-4028-a5d1-3483135fd374', 'e3557fdd-7fd5-47bc-bd58-cb8a4406b1d4', 1, '2025-11-21 11:17:02', 0, NULL),
('1768360a-a661-4028-a5d1-3483135fd374', 'f466b3d9-3c79-45b2-9c57-9eb480d2f543', 1, '2025-11-11 04:06:02', 0, NULL),
('4e1684bb-b40d-4e8b-85b1-4ee632b33c3e', '0165c19a-ee27-4bd2-b624-5326e4725b6e', 1, '2026-02-03 06:12:58', 0, NULL),
('4e1684bb-b40d-4e8b-85b1-4ee632b33c3e', '0247525d-66ca-427b-bff0-ead20a163506', 1, '2026-02-03 01:26:18', 0, NULL),
('4e1684bb-b40d-4e8b-85b1-4ee632b33c3e', '0a244621-12c6-40d4-827d-11621dfb1a49', 1, '2026-02-03 01:36:14', 0, NULL),
('4e1684bb-b40d-4e8b-85b1-4ee632b33c3e', '0d6bd20a-20af-4925-9dfc-2a46d1f3764b', 1, '2026-02-03 08:35:35', 0, NULL),
('4e1684bb-b40d-4e8b-85b1-4ee632b33c3e', '0e21af42-a409-4d1a-b2bb-abf59bf9b438', 0, '2026-02-03 04:41:02', 0, NULL),
('4e1684bb-b40d-4e8b-85b1-4ee632b33c3e', '187f5946-c4a4-49a7-a9b4-a80f7354ef6f', 1, '2026-02-02 13:35:34', 0, NULL),
('4e1684bb-b40d-4e8b-85b1-4ee632b33c3e', '1c50fb64-11b1-4eed-be5c-8b0d49b194ec', 1, '2026-02-03 01:58:05', 0, NULL),
('4e1684bb-b40d-4e8b-85b1-4ee632b33c3e', '1e192ad8-a89c-4511-8072-e6ca508906e8', 1, '2026-02-02 13:15:28', 0, NULL),
('4e1684bb-b40d-4e8b-85b1-4ee632b33c3e', '20341cd9-41b9-4f76-84cd-6a3039e7da7d', 1, '2026-02-03 02:13:42', 0, NULL),
('4e1684bb-b40d-4e8b-85b1-4ee632b33c3e', '26b7f668-368b-4d0c-85d7-dea75c36d6e1', 1, '2026-02-03 05:36:29', 0, NULL),
('4e1684bb-b40d-4e8b-85b1-4ee632b33c3e', '2a4a92a0-ad38-4c99-b55d-41e6e0b2a1f6', 1, '2026-02-02 13:20:24', 0, NULL),
('4e1684bb-b40d-4e8b-85b1-4ee632b33c3e', '2a66bbb4-56f0-4f90-87d6-8151baff364a', 1, '2026-02-03 07:21:47', 0, NULL),
('4e1684bb-b40d-4e8b-85b1-4ee632b33c3e', '2afab807-afa8-45d1-a1b5-b6ff2378cf5d', 0, '2026-02-03 05:32:35', 0, NULL),
('4e1684bb-b40d-4e8b-85b1-4ee632b33c3e', '3028b8d3-a17f-46f6-b187-48649923404a', 1, '2026-02-03 01:31:58', 0, NULL),
('4e1684bb-b40d-4e8b-85b1-4ee632b33c3e', '3477e3ff-d2ea-4f2e-a585-523b87449c65', 1, '2026-02-03 01:32:15', 0, NULL),
('4e1684bb-b40d-4e8b-85b1-4ee632b33c3e', '39967380-1ce7-4715-9ae1-315065913336', 1, '2026-02-03 01:30:26', 0, NULL),
('4e1684bb-b40d-4e8b-85b1-4ee632b33c3e', '3cc884a8-b8bd-4b21-8fe7-e2d668df77c0', 1, '2026-02-03 01:14:17', 0, NULL),
('4e1684bb-b40d-4e8b-85b1-4ee632b33c3e', '405573c9-6c74-4c58-a9af-742d52dd6efa', 1, '2026-02-03 03:05:33', 0, NULL),
('4e1684bb-b40d-4e8b-85b1-4ee632b33c3e', '4b724b94-6d8b-4b13-a3d1-e2c800d17320', 1, '2026-02-03 04:27:53', 0, NULL),
('4e1684bb-b40d-4e8b-85b1-4ee632b33c3e', '4d37a374-be6c-4cf7-a73e-fdd8e6fccedc', 0, '2026-02-03 02:49:03', 0, NULL),
('4e1684bb-b40d-4e8b-85b1-4ee632b33c3e', '509334b5-96ed-4dfe-b8ae-9977ff5c2b7b', 1, '2026-02-03 04:51:01', 0, NULL),
('4e1684bb-b40d-4e8b-85b1-4ee632b33c3e', '522ca26b-7a42-4ea9-acb3-55628147e73d', 1, '2026-02-03 01:41:47', 0, NULL),
('4e1684bb-b40d-4e8b-85b1-4ee632b33c3e', '590f6b2a-2b77-4e25-9808-c14c950cf9c5', 1, '2026-02-02 13:53:39', 0, NULL),
('4e1684bb-b40d-4e8b-85b1-4ee632b33c3e', '5e90ec85-371b-4138-aa73-60b4a6dc26a7', 1, '2026-02-04 00:27:34', 0, NULL),
('4e1684bb-b40d-4e8b-85b1-4ee632b33c3e', '61daee0d-1b08-43ac-85aa-0ad75e922210', 1, '2026-02-03 01:16:53', 0, NULL),
('4e1684bb-b40d-4e8b-85b1-4ee632b33c3e', '638367eb-398d-4dad-88d7-2c10b5aebe91', 1, '2026-02-02 22:54:47', 0, NULL),
('4e1684bb-b40d-4e8b-85b1-4ee632b33c3e', '63fe92cf-f36b-40d7-a18d-c639c2862eb0', 1, '2026-02-03 04:24:33', 0, NULL),
('4e1684bb-b40d-4e8b-85b1-4ee632b33c3e', '6591eadf-147d-465d-950b-055bb26d7f09', 1, '2026-02-03 04:41:04', 0, NULL),
('4e1684bb-b40d-4e8b-85b1-4ee632b33c3e', '66960ce8-3e85-41b3-bdbb-84d02de11a22', 1, '2026-02-03 02:51:30', 0, NULL),
('4e1684bb-b40d-4e8b-85b1-4ee632b33c3e', '693cc71e-25a8-4c17-9f4c-f8fc21d7bb5a', 1, '2026-02-03 15:00:57', 0, NULL),
('4e1684bb-b40d-4e8b-85b1-4ee632b33c3e', '6b86d609-29b3-40e9-b2ca-787a0cf8d8b4', 1, '2026-02-03 02:51:50', 0, NULL),
('4e1684bb-b40d-4e8b-85b1-4ee632b33c3e', '6d4b6033-2557-44b5-97f4-bb0da0f87606', 1, '2026-02-03 04:28:11', 0, NULL),
('4e1684bb-b40d-4e8b-85b1-4ee632b33c3e', '7407e113-4cad-4ade-ad12-c088c386e68a', 1, '2026-02-03 01:10:00', 0, NULL),
('4e1684bb-b40d-4e8b-85b1-4ee632b33c3e', '74b7d02d-ea7d-475c-b285-add8a37a6cf9', 1, '2026-02-03 09:34:48', 0, NULL),
('4e1684bb-b40d-4e8b-85b1-4ee632b33c3e', '753af9aa-f7a7-4d89-aaed-cc200a464f16', 1, '2026-02-03 03:13:27', 0, NULL),
('4e1684bb-b40d-4e8b-85b1-4ee632b33c3e', '7bba8cf6-7d13-4980-b628-3acb8d051dba', 1, '2026-02-03 01:42:02', 0, NULL),
('4e1684bb-b40d-4e8b-85b1-4ee632b33c3e', '7ec0a5e2-facf-4e6f-9d05-70aefe13533f', 1, '2026-02-03 01:18:58', 0, NULL),
('4e1684bb-b40d-4e8b-85b1-4ee632b33c3e', '88acd0b0-b7a2-4209-a94a-96a8c49b0949', 1, '2026-02-03 04:50:30', 0, NULL),
('4e1684bb-b40d-4e8b-85b1-4ee632b33c3e', '8a431644-957c-4c38-8dff-91e2b87bf3be', 0, '2026-02-02 13:27:59', 0, NULL),
('4e1684bb-b40d-4e8b-85b1-4ee632b33c3e', '8bb850e9-e7aa-4c5e-b3b3-00106bdf52ba', 1, '2026-02-03 09:39:02', 0, NULL),
('4e1684bb-b40d-4e8b-85b1-4ee632b33c3e', '94a45f42-66ce-40f3-adf8-847509a97e24', 1, '2026-02-03 12:56:20', 0, NULL),
('4e1684bb-b40d-4e8b-85b1-4ee632b33c3e', '970f2ca9-f0e9-4c07-bfa2-43b2ba0649da', 0, '2026-02-03 02:34:20', 0, NULL),
('4e1684bb-b40d-4e8b-85b1-4ee632b33c3e', '9788c017-f40e-40be-928e-860da1fecdc1', 1, '2026-02-04 03:12:02', 0, NULL),
('4e1684bb-b40d-4e8b-85b1-4ee632b33c3e', '99699b81-a046-4f24-9a13-824fe3d4f778', 1, '2026-02-04 04:35:12', 0, NULL),
('4e1684bb-b40d-4e8b-85b1-4ee632b33c3e', '9dbbc38e-2993-46bd-8053-fd43834fdcf5', 1, '2026-02-03 02:11:08', 0, NULL),
('4e1684bb-b40d-4e8b-85b1-4ee632b33c3e', 'a00762fb-07b9-43c0-9b10-ef9d09553137', 1, '2026-02-03 03:13:49', 0, NULL),
('4e1684bb-b40d-4e8b-85b1-4ee632b33c3e', 'a1c7ac12-d057-40e2-8cdf-5b7193fbbadc', 1, '2026-02-03 23:30:20', 0, NULL),
('4e1684bb-b40d-4e8b-85b1-4ee632b33c3e', 'a71871b7-7566-4cfd-acf1-d8143f1b63fd', 1, '2026-02-03 03:26:11', 0, NULL),
('4e1684bb-b40d-4e8b-85b1-4ee632b33c3e', 'a776fe9c-1bfa-42f4-8d5c-c57dd536ffe5', 1, '2026-02-03 01:44:31', 0, NULL),
('4e1684bb-b40d-4e8b-85b1-4ee632b33c3e', 'b13f45b0-94c8-45dd-bc28-c02567103a24', 1, '2026-02-03 04:26:37', 0, NULL),
('4e1684bb-b40d-4e8b-85b1-4ee632b33c3e', 'b662aac0-fb45-4eb2-bd11-31f96ed860f0', 1, '2026-02-03 09:41:54', 0, NULL),
('4e1684bb-b40d-4e8b-85b1-4ee632b33c3e', 'b8735d3d-9f13-48a8-86da-16cae6e022d2', 1, '2026-02-03 01:32:14', 0, NULL),
('4e1684bb-b40d-4e8b-85b1-4ee632b33c3e', 'c31b8fb5-cf29-41fc-a506-520b8c89951d', 1, '2026-02-04 03:04:04', 0, NULL),
('4e1684bb-b40d-4e8b-85b1-4ee632b33c3e', 'c4ed26ab-6074-44d6-b1b5-e6d276ba335b', 1, '2026-02-03 00:25:58', 0, NULL),
('4e1684bb-b40d-4e8b-85b1-4ee632b33c3e', 'c594c330-b945-42f9-bab2-77d46520a41d', 1, '2026-02-03 01:28:18', 0, NULL),
('4e1684bb-b40d-4e8b-85b1-4ee632b33c3e', 'c649e1c3-05ab-4245-99cd-4aa9afaccafc', 1, '2026-02-03 02:48:22', 0, NULL),
('4e1684bb-b40d-4e8b-85b1-4ee632b33c3e', 'ce8aaba7-eba4-4580-baa7-2f7a2b47c20b', 1, '2026-02-02 13:29:47', 0, NULL),
('4e1684bb-b40d-4e8b-85b1-4ee632b33c3e', 'dfa0824e-227b-4558-981a-0683861d1f83', 0, '2026-02-03 01:30:09', 0, NULL),
('4e1684bb-b40d-4e8b-85b1-4ee632b33c3e', 'e07af63a-0bdf-4372-9793-82345d1d86b3', 1, '2026-02-03 02:06:18', 0, NULL),
('4e1684bb-b40d-4e8b-85b1-4ee632b33c3e', 'e3557fdd-7fd5-47bc-bd58-cb8a4406b1d4', 1, '2026-02-02 13:14:08', 0, NULL),
('4e1684bb-b40d-4e8b-85b1-4ee632b33c3e', 'e8fde335-e2dc-474e-a018-7447621efcbd', 1, '2026-02-03 05:31:53', 0, NULL),
('4e1684bb-b40d-4e8b-85b1-4ee632b33c3e', 'e92a4871-6306-4edb-a94a-a8fcd67f9e10', 1, '2026-02-03 08:53:47', 0, NULL),
('4e1684bb-b40d-4e8b-85b1-4ee632b33c3e', 'e97602dd-15c1-4d8e-92c8-2160f08fd730', 1, '2026-02-03 07:11:07', 0, NULL),
('6b7db257-0b1d-4c80-96de-dc50a76ef5c3', '0247525d-66ca-427b-bff0-ead20a163506', 1, '2025-11-08 08:36:21', 0, NULL),
('6b7db257-0b1d-4c80-96de-dc50a76ef5c3', '1b39ec61-5622-4100-87f9-25ff21664e2b', 1, '2025-11-08 14:06:00', 0, NULL),
('6b7db257-0b1d-4c80-96de-dc50a76ef5c3', '1c50fb64-11b1-4eed-be5c-8b0d49b194ec', 1, '2025-11-11 02:33:35', 0, NULL),
('6b7db257-0b1d-4c80-96de-dc50a76ef5c3', '20341cd9-41b9-4f76-84cd-6a3039e7da7d', 1, '2025-11-08 09:21:24', 1, 'https://drive.google.com/file/d/1yi_90gEVTz9cUXgZ6LKqyVJTUXTCD22l/view?usp=drivesdk'),
('6b7db257-0b1d-4c80-96de-dc50a76ef5c3', '2a4a92a0-ad38-4c99-b55d-41e6e0b2a1f6', 1, '2025-11-07 15:54:04', 1, 'https://mgmpinformatika-wsb.my.id/'),
('6b7db257-0b1d-4c80-96de-dc50a76ef5c3', '3802ce50-9bca-4a04-a7df-527027402d84', 1, '2025-11-11 02:49:37', 0, NULL),
('6b7db257-0b1d-4c80-96de-dc50a76ef5c3', '3cc884a8-b8bd-4b21-8fe7-e2d668df77c0', 1, '2025-11-08 09:34:19', 0, NULL),
('6b7db257-0b1d-4c80-96de-dc50a76ef5c3', '43229640-fe2b-41f2-b03c-846bb0e2b483', 1, '2025-11-11 01:56:25', 0, NULL),
('6b7db257-0b1d-4c80-96de-dc50a76ef5c3', '490434da-d30e-45c5-bb60-7bc2ef6b1df3', 1, '2025-11-08 02:15:02', 1, 'https://drive.google.com/file/d/1jW1DojKOWonWmzf8142U2R8_6gayzz20/view?usp=drivesdk'),
('6b7db257-0b1d-4c80-96de-dc50a76ef5c3', '509334b5-96ed-4dfe-b8ae-9977ff5c2b7b', 1, '2025-11-08 08:42:14', 1, 'https://drive.google.com/file/d/1ZhRYbb-N5oe6bfQhJeX7IdRZxjs9nzEL/view?usp=drivesdk'),
('6b7db257-0b1d-4c80-96de-dc50a76ef5c3', '590f6b2a-2b77-4e25-9808-c14c950cf9c5', 1, '2025-11-08 08:51:46', 0, NULL),
('6b7db257-0b1d-4c80-96de-dc50a76ef5c3', '61daee0d-1b08-43ac-85aa-0ad75e922210', 1, '2025-11-08 08:50:14', 0, NULL),
('6b7db257-0b1d-4c80-96de-dc50a76ef5c3', '638367eb-398d-4dad-88d7-2c10b5aebe91', 1, '2025-11-08 08:27:40', 0, NULL),
('6b7db257-0b1d-4c80-96de-dc50a76ef5c3', '8a431644-957c-4c38-8dff-91e2b87bf3be', 1, '2025-11-08 09:43:54', 0, NULL),
('6b7db257-0b1d-4c80-96de-dc50a76ef5c3', '99699b81-a046-4f24-9a13-824fe3d4f778', 1, '2025-11-08 09:45:24', 0, NULL),
('6b7db257-0b1d-4c80-96de-dc50a76ef5c3', '9bc0c697-b094-49cd-b879-d43fc29063e9', 1, '2025-11-08 13:01:14', 0, NULL),
('6b7db257-0b1d-4c80-96de-dc50a76ef5c3', 'b8735d3d-9f13-48a8-86da-16cae6e022d2', 1, '2025-11-11 02:47:29', 0, NULL),
('6b7db257-0b1d-4c80-96de-dc50a76ef5c3', 'c649e1c3-05ab-4245-99cd-4aa9afaccafc', 1, '2025-11-08 00:35:22', 1, 'https://docs.google.com/forms/u/0/d/e/1FAIpQLSeFnnwbhcQF87S_jTaTZHoyLAsup9rG0QkhyX7xlre43EsUCw/formResponse'),
('6b7db257-0b1d-4c80-96de-dc50a76ef5c3', 'ce8aaba7-eba4-4580-baa7-2f7a2b47c20b', 1, '2025-11-08 08:32:30', 0, NULL),
('6b7db257-0b1d-4c80-96de-dc50a76ef5c3', 'f466b3d9-3c79-45b2-9c57-9eb480d2f543', 1, '2025-11-08 08:36:55', 0, NULL),
('92f86be7-7e0e-4c95-bf70-588e97c60120', '0a244621-12c6-40d4-827d-11621dfb1a49', 1, '2025-11-11 07:14:21', 0, NULL),
('92f86be7-7e0e-4c95-bf70-588e97c60120', '18374a0d-3673-472e-8568-696d6cf18a35', 1, '2025-11-18 02:37:16', 0, NULL),
('92f86be7-7e0e-4c95-bf70-588e97c60120', '1c50fb64-11b1-4eed-be5c-8b0d49b194ec', 1, '2025-11-11 04:05:35', 0, NULL),
('92f86be7-7e0e-4c95-bf70-588e97c60120', '20341cd9-41b9-4f76-84cd-6a3039e7da7d', 1, '2025-11-11 07:12:45', 0, NULL),
('92f86be7-7e0e-4c95-bf70-588e97c60120', '2a4a92a0-ad38-4c99-b55d-41e6e0b2a1f6', 1, '2025-11-07 16:02:09', 0, NULL),
('92f86be7-7e0e-4c95-bf70-588e97c60120', '3b83adf6-bb10-11f0-85bd-00163e02c8b0', 1, '2025-11-11 14:29:22', 0, NULL),
('92f86be7-7e0e-4c95-bf70-588e97c60120', '3cc884a8-b8bd-4b21-8fe7-e2d668df77c0', 1, '2025-11-11 03:20:53', 0, NULL),
('92f86be7-7e0e-4c95-bf70-588e97c60120', '43229640-fe2b-41f2-b03c-846bb0e2b483', 1, '2025-11-11 02:10:31', 0, NULL),
('92f86be7-7e0e-4c95-bf70-588e97c60120', '46351949-a894-4755-a61c-f925df49f333', 1, '2025-11-18 02:58:07', 0, NULL),
('92f86be7-7e0e-4c95-bf70-588e97c60120', '4d37a374-be6c-4cf7-a73e-fdd8e6fccedc', 1, '2025-11-18 03:36:07', 0, NULL),
('92f86be7-7e0e-4c95-bf70-588e97c60120', '61daee0d-1b08-43ac-85aa-0ad75e922210', 1, '2025-11-11 04:04:00', 0, NULL),
('92f86be7-7e0e-4c95-bf70-588e97c60120', '638367eb-398d-4dad-88d7-2c10b5aebe91', 1, '2025-11-11 05:03:40', 0, NULL),
('92f86be7-7e0e-4c95-bf70-588e97c60120', '81a93c58-a8d7-4655-b064-71d101dd5e49', 1, '2025-11-18 02:24:53', 0, NULL),
('92f86be7-7e0e-4c95-bf70-588e97c60120', 'b8735d3d-9f13-48a8-86da-16cae6e022d2', 1, '2025-11-11 03:16:50', 0, NULL),
('92f86be7-7e0e-4c95-bf70-588e97c60120', 'f466b3d9-3c79-45b2-9c57-9eb480d2f543', 1, '2025-11-11 04:06:06', 0, NULL);

INSERT IGNORE INTO `gallery_images` (`id`, `image_url`, `caption`, `event_id`, `created_at`) VALUES
('1e7a4ca7-2dd8-4d23-b99a-9b7e0707bbe2', '/uploads/gallery/gallery-6913544c8564c6.87786934.png', 'PKG BBGTK - Bimtek KKA', '6b7db257-0b1d-4c80-96de-dc50a76ef5c3', '2025-11-11 15:20:44'),
('1ea67451-5ded-4c74-add0-371290ea8e95', '/uploads/gallery/gallery-690dd14dec80c4.42448833.jpeg', 'Workshop November 2025', '1768360a-a661-4028-a5d1-3483135fd374', '2025-11-07 11:00:29'),
('428ce1f3-3ecf-494a-a4f4-7afaa9657e44', '/uploads/gallery/gallery-691354677658a4.66059572.png', 'PKG BBGTK - Bimtek KKA', '6b7db257-0b1d-4c80-96de-dc50a76ef5c3', '2025-11-11 15:21:11'),
('582e1bc2-8d59-446e-8b0c-53624ea5884b', '/uploads/gallery/gallery-69135434640825.48941936.png', 'PKG BBGTK - Bimtek KKA', '6b7db257-0b1d-4c80-96de-dc50a76ef5c3', '2025-11-11 15:20:20'),
('61c853c4-6d2c-4958-bad4-e1492adaa7dc', '/uploads/gallery/gallery-690dd124cfdbc0.83116796.jpeg', 'Workshop November 2025', '1768360a-a661-4028-a5d1-3483135fd374', '2025-11-07 10:59:48'),
('643a3c26-c49e-4cf3-901c-3ee8e5d5b448', '/uploads/gallery/gallery-690dd114504ba2.37874099.jpeg', 'Workshop November 2025', '1768360a-a661-4028-a5d1-3483135fd374', '2025-11-07 10:59:32'),
('6573f493-13ad-47eb-8ca5-232165414b69', '/uploads/gallery/gallery-690dd1435931c5.93335388.jpeg', 'Workshop November 2025', '1768360a-a661-4028-a5d1-3483135fd374', '2025-11-07 11:00:19'),
('65968291-71ee-4a8c-b697-4a334db6db41', '/uploads/gallery/gallery-690dd134529aa4.19196731.jpeg', 'Workshop November 2025', '1768360a-a661-4028-a5d1-3483135fd374', '2025-11-07 11:00:04'),
('77bf4574-3ef7-41d2-a5ee-67a50db62f80', '/uploads/gallery/gallery-69135456e5be88.27561313.png', 'PKG BBGTK - Bimtek KKA', '6b7db257-0b1d-4c80-96de-dc50a76ef5c3', '2025-11-11 15:20:54'),
('7a99787e-415a-4406-b634-31bc41ddff16', '/uploads/gallery/gallery-691354605bda95.42306437.png', 'PKG BBGTK - Bimtek KKA', '6b7db257-0b1d-4c80-96de-dc50a76ef5c3', '2025-11-11 15:21:04'),
('993f3ca4-974e-470c-95b3-faf2e2a4c840', '/uploads/gallery/gallery-690dd10c5c66f5.66084376.jpeg', 'Workshop November 2025', '1768360a-a661-4028-a5d1-3483135fd374', '2025-11-07 10:59:24'),
('a32cac2d-80ac-42c0-89dc-af7e0618cb3f', '/uploads/gallery/gallery-690dccb619be16.34000159.jpeg', 'Dokumentasi November 2025', '1768360a-a661-4028-a5d1-3483135fd374', '2025-11-07 10:40:54'),
('c824f4f1-9b17-445c-991f-1e8f64bce8ba', '/uploads/gallery/gallery-690dd12d6ae7a0.37651639.jpeg', 'Workshop November 2025', '1768360a-a661-4028-a5d1-3483135fd374', '2025-11-07 10:59:57'),
('d76e57c8-a663-498d-a263-0882b2bd2397', '/uploads/gallery/gallery-6913542a885f54.42841796.png', 'PKG BBGTK - Bimtek KKA', '6b7db257-0b1d-4c80-96de-dc50a76ef5c3', '2025-11-11 15:20:10'),
('d8a502c3-c81a-406b-8ea6-49a3e87f3636', '/uploads/gallery/gallery-6913541dd095a1.16460976.png', 'PKG BBGTK - Bimtek KKA', '6b7db257-0b1d-4c80-96de-dc50a76ef5c3', '2025-11-11 15:19:57'),
('d8fdfe9e-966b-4b60-a648-8aa7f19b1033', '/uploads/gallery/gallery-6913543d1c0bf1.74924121.png', 'PKG BBGTK - Bimtek KKA', '6b7db257-0b1d-4c80-96de-dc50a76ef5c3', '2025-11-11 15:20:29');

INSERT IGNORE INTO `learning_materials` (`id`, `mapel`, `content`, `type`, `title`, `author_id`, `created_at`) VALUES
('09d63cec-1b14-4384-a295-2e183055773c', 'KKA', '<p><strong>Berpikir Komputasional</strong></p>\n<p>Menerapkan berpikir komputasional untuk masalah sehari-hari maupun komputasi. Memahami konsep himpunan data terstruktur dan lembar kerja pengolah data. Menyelesaikan persoalan dengan data berstruktur sederhana. Menuliskan instruksi menggunakan kosakata terbatas atau simbol (pseudocode).</p>\n<p><strong>Literasi Digital </strong></p>\n<p>Menggunakan mesin pencari dan mengevaluasi kualitas informasi digital. Mengenal ekosistem media pers digital, membedakan fakta, opini, dan hoaks. Memanfaatkan aplikasi pengolah dokumen, lembar kerja, presentasi. Memahami komponen, fungsi, cara kerja komputer, serta konektivitas jaringan.</p>\n<p><strong>Algoritma &amp; Pemrograman </strong></p>\n<p>Menulis teks algoritmik terstruktur (logis, sistematis, bertahap). Membuat instruksi yang dapat dijalankan manusia maupun komputer. Menerapkan paradigma pemrograman prosedural dengan kompleksitas bertahap.</p>\n<p><strong>Analisis Data</strong></p>\n<p>Mengumpulkan, membersihkan, mengolah, dan menyajikan data sederhana. Menginterpretasi data untuk mendukung pengambilan keputusan dasar.&nbsp;</p>\n<p><strong>Kecerdasan Artifisial (AI) </strong></p>\n<p>Memahami konsep dasar AI, manfaat dan dampaknya. Mengevaluasi etika dan bias dalam penggunaan AI. Mencoba memanfaatkan AI sederhana untuk menyelesaikan masalah.</p>', 'cp', 'Capaian Pembelajaran KKA', '3b83adf6-bb10-11f0-85bd-00163e02c8b0', '2025-11-18 08:21:54'),
('1d920b8a-5974-4179-9a9e-8c0ab967d779', 'Informatika', '<p><strong>Berpikir Komputasional</strong></p>\n<p>Pada akhir fase D, peserta didik mampu memahami konsep himpunan data terstruktur dalam kehidupan sehari-hari, memahami konsep lembar kerja pengolah data dan menerapkan berpikir komputasional dalam menyelesaikan persoalan yang mengandung himpunan data berstruktur sederhana dengan volume kecil, dan mendisposisikan berpikir komputasional yang diperlukan pada berbagai bidang; mampu menuliskan sekumpulan instruksi dengan menggunakan sekumpulan kosakata terbatas atau simbol dalam format pseudocode.</p>\n<p><strong>Literasi Digital</strong></p>\n<p>Pada akhir fase D, peserta didik mampu memahami cara kerja dan penggunaan mesin pencari di internet, mengetahui kredibilitas sumber informasi digital dan mengenal ekosistem media pers digital, membedakan fakta dan opini, memahami pemanfaatan perkakas teknologi digital untuk membuat laporan, presentasi, serta analisis dan interpretasi data, mampu mendeskripsikan komponen, fungsi, dan cara kerja komputer, memahami konsep dan penerapan konektivitas jaringan lokal dan internet baik kabel maupun nirkabel, mengetahui jenis ruang publik virtual, memahami pemanfaatan media digital untuk produksi dan diseminasi konten; mampu memahami pentingnya menjaga rekam jejak digital, mengamalkan toleransi dan empati di dunia digital, memahami dampak perundungan digital, membuat kata sandi yang aman, memahami pengamanan perangkat dari berbagai jenis malware, memilah informasi yang bersifat privat dan publik, melindungi data pribadi dan identitas digital, memahami kesadaran penuh (mindfulness) di dunia digital.</p>', 'cp', 'Capaian Pembelajaran Informatika', '405573c9-6c74-4c58-a9af-742d52dd6efa', '2026-01-05 03:39:43');

INSERT IGNORE INTO `learning_materials` (`id`, `mapel`, `kelas`, `semester`, `content`, `type`, `title`, `author_id`, `created_at`) VALUES
('030ea88b-fd6a-465c-aa38-37e93f63c97a', 'Informatika', 'Kelas VII', 1, 'Membedakan fakta dan opini.', 'tp', 'Mengenal Fakta dan Opini', '3b83adf6-bb10-11f0-85bd-00163e02c8b0', '2025-11-18 07:35:34'),
('07081097-438f-4c6e-b151-c20a5b5af0a9', 'Informatika', 'Kelas VIII', 1, 'Menerapkan konsep lembar kerja pengolah data dan Berpikir Komputasional dalam menyelesaikan pesoalan yang mengandung himpunan data berstruktur sederha dengan volume kecil.', 'tp', '', '3b83adf6-bb10-11f0-85bd-00163e02c8b0', '2025-11-18 07:40:37'),
('12645120-e33b-4ebb-9188-c484467d5b26', 'Informatika', 'Kelas IX', 2, 'Memahami pengamanan perangkat dari berbagi jenis malware.', 'tp', '', '3b83adf6-bb10-11f0-85bd-00163e02c8b0', '2025-11-18 07:46:01'),
('2885c121-87a1-44c4-9474-ac73abfcbf95', 'Informatika', 'Kelas VII', 2, 'Mampu menuliskan sekumpulan instruksi dengan menggunakan sekumpulan kosakata terbatas atau simbol dalam format pseudocode.', 'tp', 'Mengenal Scratch (Online dan Offline) - Bagian Scratch, Menggunakan Blok Sederhana pada Scratch, Proyek Sederhana Sesuai Tema (Cerita)', '3b83adf6-bb10-11f0-85bd-00163e02c8b0', '2025-11-18 07:34:56'),
('29288dbe-c218-4d3e-a29e-ab86898e2f5c', 'Informatika', 'Kelas VII', 1, 'Mendeskripsikan komponen, fungsi, dan cara kerja komputer.', 'tp', '', '3b83adf6-bb10-11f0-85bd-00163e02c8b0', '2025-11-18 07:39:50'),
('303521a2-60a7-49a4-9eac-8edc75317556', 'Informatika', 'Kelas VIII', 2, 'Memahami konsep dan penerapan konektivitas jaringan lokal dan internet baik kabel maupun nirkabel.', 'tp', '', '3b83adf6-bb10-11f0-85bd-00163e02c8b0', '2025-11-18 07:41:42'),
('33abbca0-29e5-4a81-9b6f-3573ef17243b', 'Informatika', 'Kelas VII', 1, 'Mengenal ekosistem media pers digital.', 'tp', '', '3b83adf6-bb10-11f0-85bd-00163e02c8b0', '2025-11-18 07:39:40'),
('3668ef57-2630-4a27-970a-349932a07eee', 'Informatika', 'Kelas IX', 2, 'Membuat kata sandi yang aman.', 'tp', '', '3b83adf6-bb10-11f0-85bd-00163e02c8b0', '2025-11-18 07:46:25'),
('39c5f308-4d9b-4721-b572-d312082784ba', 'Informatika', 'Kelas VIII', 2, 'Memahami pentingnya menjaga rekam jejak digital.', 'tp', '', '3b83adf6-bb10-11f0-85bd-00163e02c8b0', '2025-11-18 07:42:08'),
('42c65037-03ca-46df-94d8-d1e29b065154', 'Informatika', 'Kelas IX', 1, 'Mendisposisikan Berpikir Komputasional yang diperlukan pada bidang lain.', 'tp', '', '3b83adf6-bb10-11f0-85bd-00163e02c8b0', '2025-11-18 07:45:21'),
('4eba2571-5cf6-40fb-bbc0-07b1774575be', 'Informatika', 'Kelas VII', 2, 'Memahami konsep lembar kerja pengolah data.', 'tp', '', '3b83adf6-bb10-11f0-85bd-00163e02c8b0', '2025-11-18 07:34:13'),
('64166bdf-37a6-4576-b04e-ae51a6822318', 'Informatika', 'Kelas IX', 2, 'Memahami pemanfaatan media digital untuk produksi dan diseminasi konten.', 'tp', '', '3b83adf6-bb10-11f0-85bd-00163e02c8b0', '2025-11-18 07:45:35'),
('66a63787-df5f-4dde-ab76-2f3bb9540428', 'Informatika', 'Kelas IX', 2, 'Melindungi data pribadi dan identitas digital.', 'tp', '', '3b83adf6-bb10-11f0-85bd-00163e02c8b0', '2025-11-18 07:46:12'),
('6fba9544-a297-4d1e-82c6-2d9507a6e940', 'Informatika', 'Kelas VII', 2, 'Memahami konsep himpunan data terstruktur dalam kehidupan sehari-hari.', 'tp', '', '3b83adf6-bb10-11f0-85bd-00163e02c8b0', '2025-11-18 07:33:57'),
('7416d208-9479-410e-9c2b-fb30b4c9b798', 'Informatika', 'Kelas VIII', 2, 'Mendeskripsikan komponen, fungsi, dan cara kerja komputer.', 'tp', '', '3b83adf6-bb10-11f0-85bd-00163e02c8b0', '2025-11-18 07:41:27'),
('7ef83a70-de7c-4a19-84c8-d137a30576c3', 'Informatika', 'Kelas VIII', 2, 'Memilah informasi yang bersifat privat dan publik.', 'tp', '', '3b83adf6-bb10-11f0-85bd-00163e02c8b0', '2025-11-18 07:44:54'),
('8d861b31-5180-40c6-baea-725447400ab2', 'Informatika', 'Kelas VIII', 1, 'Mampu menuliskan sekumpulan instruksi dengan menggunakan sekumpulan kosakata terbatas atau simbol dalam format pseudocode.', 'tp', '', '3b83adf6-bb10-11f0-85bd-00163e02c8b0', '2025-11-18 07:41:02'),
('957c4920-eea6-439e-97c6-002025481ebe', 'Informatika', 'Kelas IX', 2, 'Memiliki kesadaran penuh (mindfullness) dalam dunia digital.', 'tp', '', '3b83adf6-bb10-11f0-85bd-00163e02c8b0', '2025-11-18 07:46:47'),
('aeff344a-5a17-4594-a29c-c39099c1e668', 'Informatika', 'Kelas VIII', 2, 'Mengamalkan toleransi dan empati di dunia digital.', 'tp', '', '3b83adf6-bb10-11f0-85bd-00163e02c8b0', '2025-11-18 07:42:36'),
('b77d5265-ef59-47e7-9fd3-ee633d2ec4d9', 'Informatika', 'Kelas VII', 1, 'Memahami cara kerja dan penggunaan mesin pencari di internet.', 'tp', 'Pengenalan Mesin Pencari', '3b83adf6-bb10-11f0-85bd-00163e02c8b0', '2025-11-18 07:36:25'),
('b93e27f5-eee4-4678-8f35-aae43b8a8988', 'Informatika', 'Kelas VII', 1, 'Mengetahui kredibilitas sumber informasi digital.', 'tp', '', '3b83adf6-bb10-11f0-85bd-00163e02c8b0', '2025-11-18 07:36:39'),
('e200af0f-ae36-43bf-a9b5-b5eb87a209e7', 'Informatika', 'Kelas VII', 1, 'Memahami pemanfaatan perkakas teknologi digital untuk membuat laporan presentasi, serta analisis dan interpretasi data.', 'tp', '', '3b83adf6-bb10-11f0-85bd-00163e02c8b0', '2025-11-18 07:40:03'),
('ed0889b3-aa34-47e0-b5ea-29970cb211d5', 'Informatika', 'Kelas VIII', 2, 'Memahami dampak perundungan digital.', 'tp', '', '3b83adf6-bb10-11f0-85bd-00163e02c8b0', '2025-11-18 07:41:58'),
('fea65a2d-1b14-4701-a1e7-a96a5db3b771', 'Informatika', 'Kelas IX', 2, 'Mengetahui jenis ruang publik virtual.', 'tp', '', '3b83adf6-bb10-11f0-85bd-00163e02c8b0', '2025-11-18 07:45:49');

INSERT IGNORE INTO `letters` (`id`, `template_id`, `letter_number`, `letter_date`, `subject`, `recipient`, `event_id`, `author_id`, `content`, `form_data`, `created_at`)  VALUES
('275d7efb-02e2-4f54-b630-10b472b64eae', 'undangan-pendamping', '036/MGMP-INFORMATIKA/XI/2025', '2025-11-26', 'Undangan KS Pendamping', 'Leonardo Hiendarto', 'dbbb74b5-38d9-4ed7-b10e-6e85f19e09e9', '3b83adf6-bb10-11f0-85bd-00163e02c8b0', '\n                    <div style=\"overflow: hidden; margin-bottom: 2rem;\"><div style=\"float: left;\"><p style=\"margin:0; line-height:1.5;\">Nomor : 036/MGMP-INFORMATIKA/XI/2025</p><p style=\"margin:0; line-height:1.5;\">Lamp : -</p><p style=\"margin:0; line-height:1.5;\">Hal&nbsp;&nbsp;&nbsp;&nbsp;&nbsp;&nbsp;: Undangan</p></div><div style=\"float: right;\"><p style=\"margin:0; line-height:1.5;\">Wonosobo, 26 November 2025</p></div></div><div style=\"clear:both;\"></div>\n                    <p style=\"margin-bottom: 1rem; text-align: justify; line-height: 1.5;\">Kepada Yth.<br>Leonardo Hiendarto <br>SMP Bhakti Mulia Wonosobo<br>Di - Wonosobo</p>\n                    <p style=\"margin-bottom: 1rem; text-align: justify; line-height: 1.5;\">Dengan hormat,</p>\n                    <p style=\"margin-bottom: 1rem; text-align: justify; line-height: 1.5; text-indent: 40px;\">Sehubungan dengan pelaksanaan Membuat Website Sekolah (Mulai dari 0), maka dengan itu mohon dengan hormat kesediaan Bapak/Ibu untuk menghadiri acara tersebut yang akan dilaksanakan pada:</p>\n                    \n            <table style=\"width: 100%; border-collapse: collapse; margin: 1rem 0 1rem 40px;\">\n                <tbody>\n                    <tr><td style=\"width: 120px; vertical-align: top; padding: 2px 0;\">Hari/tanggal</td><td style=\"vertical-align: top; padding: 2px 0;\">: Rabu, 17 Desember 2025</td></tr>\n                    <tr><td style=\"vertical-align: top; padding: 2px 0;\">Waktu</td><td style=\"vertical-align: top; padding: 2px 0;\">: 07.30 WIB &ndash; selesai</td></tr>\n                    <tr><td style=\"vertical-align: top; padding: 2px 0;\">Tempat</td><td style=\"vertical-align: top; padding: 2px 0;\">: tbd</td></tr>\n                    <tr><td style=\"vertical-align: top; padding: 2px 0;\">Acara</td><td style=\"vertical-align: top; padding: 2px 0;\">: Membuat Website Sekolah (Mulai dari 0)</td></tr>\n                    \n                </tbody>\n            </table>\n        \n                    <p style=\"margin-bottom: 1rem; text-align: justify; line-height: 1.5;\">Demikian surat undangan ini kami sampaikan, atas kehadirannya diucapkan terima kasih.</p>\n                    \n            <div style=\"margin-top: 40px; overflow: hidden;\">\n                <div style=\"float: left; width: 50%; text-align: center;\">\n                    <p style=\"margin: 0 0 5px 0;\">Ketua,</p>\n                    <div style=\"height: 60px;\"></div>\n                    <p style=\"margin: 0; font-weight: bold; text-decoration: underline;\">Kurnia Sari Utami, ST., M.Pd.</p>\n                    <p style=\"margin: 0;\">NIP. 19830401 200903 2 004</p>\n                </div>\n                <div style=\"float: right; width: 50%; text-align: center;\">\n                    <p style=\"margin: 0 0 5px 0;\">Sekretaris,</p>\n                    <div style=\"height: 60px;\"></div>\n                    <p style=\"margin: 0; font-weight: bold; text-decoration: underline;\">Nur Taufik Prastya, S.Kom.</p>\n                    <p style=\"margin: 0;\">NIP. 19801215 200903 1 004</p>\n                </div>\n            </div>\n        \n                ', '{\"letterSequence\":\"36\",\"dinasOfficialName\":\"\",\"dinasOfficialTitle\":\"Kepala Dinas Pendidikan, Pemuda, dan Olahraga\",\"pendampingId\":\"405573c9-6c74-4c58-a9af-742d52dd6efa\",\"narasumberIds\":[],\"loanSchool\":\"\",\"keterangan\":\"\"}', '2025-11-26 06:35:00'),
('792de2e9-cd20-43e2-aeb3-e33f993c1e74', 'peminjaman-tempat', '002/MGMP-INFORMATIKA/I/2026', '2026-01-15', 'Peminjaman Tempat', 'Kepala SMP Bhakti Mulia', '4e1684bb-b40d-4e8b-85b1-4ee632b33c3e', '3b83adf6-bb10-11f0-85bd-00163e02c8b0', '\n                    <div style=\"overflow: hidden; margin-bottom: 2rem;\"><div style=\"float: left;\"><p style=\"margin:0; line-height:1.5;\">Nomor : 002/MGMP-INFORMATIKA/I/2026</p><p style=\"margin:0; line-height:1.5;\">Lamp : -</p><p style=\"margin:0; line-height:1.5;\">Hal&nbsp;&nbsp;&nbsp;&nbsp;&nbsp;&nbsp;: Permohonan Peminjaman Tempat</p></div><div style=\"float: right;\"><p style=\"margin:0; line-height:1.5;\">Wonosobo, 15 Januari 2026</p></div></div><div style=\"clear:both;\"></div>\n                    <p style=\"margin-bottom: 1rem; text-align: justify; line-height: 1.5;\">Kepada Yth.<br>Kepala SMP Bhakti Mulia<br>Di - Wonosobo</p>\n                    <p style=\"margin-bottom: 1rem; text-align: justify; line-height: 1.5;\">Dengan hormat,</p>\n                    <p style=\"margin-bottom: 1rem; text-align: justify; line-height: 1.5; text-indent: 40px;\">Berkaitan dengan diadakannya Kegiatan Pertemuan Rutin MGMP Informatika Januari 2026, yang akan dilaksanakan pada :</p>\n                    \n            <table style=\"width: 100%; border-collapse: collapse; margin: 1rem 0 1rem 40px;\">\n                <tbody>\n                    <tr><td style=\"width: 120px; vertical-align: top; padding: 2px 0;\">Hari/tanggal</td><td style=\"vertical-align: top; padding: 2px 0;\">: Rabu, 21 Januari 2026</td></tr>\n                    <tr><td style=\"vertical-align: top; padding: 2px 0;\">Waktu</td><td style=\"vertical-align: top; padding: 2px 0;\">: 08.30 WIB &ndash; selesai</td></tr>\n                    <tr><td style=\"vertical-align: top; padding: 2px 0;\">Tempat</td><td style=\"vertical-align: top; padding: 2px 0;\">: SMP Bhakti Mulia</td></tr>\n                    <tr><td style=\"vertical-align: top; padding: 2px 0;\">Acara</td><td style=\"vertical-align: top; padding: 2px 0;\">: Pertemuan Rutin MGMP Informatika Januari 2026</td></tr>\n                    \n                </tbody>\n            </table>\n        \n                    <p style=\"margin-bottom: 1rem; text-align: justify; line-height: 1.5; text-indent: 40px;\">Kami selaku pengurus MGMP Informatika SMP/MTs Kabupaten Wonosobo memohon izin untuk meminjam ruang dan alat untuk keperluan kegiatan tersebut diatas.</p>\n                    <p style=\"margin-bottom: 1rem; text-align: justify; line-height: 1.5;\">Demikian surat permohonan ini kami sampaikan, atas perhatian dan kerjasamanya kami ucapkan terima kasih.</p>\n                    \n            <div style=\"margin-top: 40px; overflow: hidden;\">\n                <div style=\"float: left; width: 50%; text-align: center;\">\n                    <p style=\"margin: 0 0 5px 0;\">Ketua,</p>\n                    <div style=\"height: 60px;\"></div>\n                    <p style=\"margin: 0; font-weight: bold; text-decoration: underline;\">Kurnia Sari Utami, ST., M.Pd.</p>\n                    <p style=\"margin: 0;\">NIP. 19830401 200903 2 004</p>\n                </div>\n                <div style=\"float: right; width: 50%; text-align: center;\">\n                    <p style=\"margin: 0 0 5px 0;\">Sekretaris,</p>\n                    <div style=\"height: 60px;\"></div>\n                    <p style=\"margin: 0; font-weight: bold; text-decoration: underline;\">Nur Taufik Prastya, S.Kom.</p>\n                    <p style=\"margin: 0;\">NIP. 19801215 200903 1 004</p>\n                </div>\n            </div>\n        \n                ', '{\"letterSequence\":\"2\",\"dinasOfficialName\":\"\",\"dinasOfficialTitle\":\"Kepala Dinas Pendidikan, Pemuda, dan Olahraga\",\"pendampingId\":\"\",\"narasumberIds\":[],\"loanSchool\":\"SMP Bhakti Mulia\",\"keterangan\":\"\"}', '2026-01-15 02:41:48'),
('a53ff509-07b1-4c57-9122-2f0449ee9bc1', 'undangan-guru', '035/MGMP-INFORMATIKA/XI/2025', '2025-11-26', 'Undangan Guru (Umum)', 'Kepala SMP/MTs se-Wonosobo', 'dbbb74b5-38d9-4ed7-b10e-6e85f19e09e9', '3b83adf6-bb10-11f0-85bd-00163e02c8b0', '\n                    <div style=\"overflow: hidden; margin-bottom: 2rem;\"><div style=\"float: left;\"><p style=\"margin:0; line-height:1.5;\">Nomor : 035/MGMP-INFORMATIKA/XI/2025</p><p style=\"margin:0; line-height:1.5;\">Lamp : -</p><p style=\"margin:0; line-height:1.5;\">Hal&nbsp;&nbsp;&nbsp;&nbsp;&nbsp;&nbsp;: Undangan Workshop</p></div><div style=\"float: right;\"><p style=\"margin:0; line-height:1.5;\">Wonosobo, 26 November 2025</p></div></div><div style=\"clear:both;\"></div>\n                    <p style=\"margin-bottom: 1rem; text-align: justify; line-height: 1.5;\">Yth. Kepala SMP/MTs<br>Di - Wonosobo</p>\n                    <p style=\"margin-bottom: 1rem; text-align: justify; line-height: 1.5;\">Dengan hormat,</p>\n                    <p style=\"margin-bottom: 1rem; text-align: justify; line-height: 1.5; text-indent: 40px;\">Berkaitan dengan diadakannya Kegiatan Membuat Website Sekolah (Mulai dari 0), maka kami mohon kesediaan Bapak/Ibu Kepala Sekolah berkenan menugaskan kepada Guru Informatika atau Guru yang mengampu Mata Pelajaran Informatika di sekolah Bapak/Ibu untuk mengikuti acara tersebut pada :</p>\n                    \n            <table style=\"width: 100%; border-collapse: collapse; margin: 1rem 0 1rem 40px;\">\n                <tbody>\n                    <tr><td style=\"width: 120px; vertical-align: top; padding: 2px 0;\">Hari/tanggal</td><td style=\"vertical-align: top; padding: 2px 0;\">: Rabu, 17 Desember 2025</td></tr>\n                    <tr><td style=\"vertical-align: top; padding: 2px 0;\">Waktu</td><td style=\"vertical-align: top; padding: 2px 0;\">: 07.30 WIB &ndash; selesai</td></tr>\n                    <tr><td style=\"vertical-align: top; padding: 2px 0;\">Tempat</td><td style=\"vertical-align: top; padding: 2px 0;\">: tbd</td></tr>\n                    <tr><td style=\"vertical-align: top; padding: 2px 0;\">Acara</td><td style=\"vertical-align: top; padding: 2px 0;\">: Membuat Website Sekolah (Mulai dari 0)</td></tr>\n                    \n                </tbody>\n            </table>\n        \n                    <p style=\"margin-bottom: 1rem; text-align: justify; line-height: 1.5; text-indent: 40px;\">Sehubungan dengan pentingnya acara tersebut diharapkan kepada seluruh Guru Informatika atau Guru yang mengampu Mata Pelajaran Informatika SMP/MTs Kabupaten Wonosobo dapat menghadiri acara tersebut.</p>\n                    <p style=\"margin-bottom: 1rem; text-align: justify; line-height: 1.5;\">Demikian surat undangan ini kami sampaikan, atas perhatian dan kerjasamanya kami ucapkan terima kasih.</p>\n                    \n            <div style=\"margin-top: 40px; overflow: hidden;\">\n                <div style=\"float: left; width: 50%; text-align: center;\">\n                    <p style=\"margin: 0 0 5px 0;\">Ketua,</p>\n                    <div style=\"height: 60px;\"></div>\n                    <p style=\"margin: 0; font-weight: bold; text-decoration: underline;\">Kurnia Sari Utami, ST., M.Pd.</p>\n                    <p style=\"margin: 0;\">NIP. 19830401 200903 2 004</p>\n                </div>\n                <div style=\"float: right; width: 50%; text-align: center;\">\n                    <p style=\"margin: 0 0 5px 0;\">Sekretaris,</p>\n                    <div style=\"height: 60px;\"></div>\n                    <p style=\"margin: 0; font-weight: bold; text-decoration: underline;\">Nur Taufik Prastya, S.Kom.</p>\n                    <p style=\"margin: 0;\">NIP. 19801215 200903 1 004</p>\n                </div>\n            </div>\n        \n                    \n             <div style=\"margin-top: 40px; text-align: center;\">\n                <p style=\"margin: 0 0 5px 0;\">Mengetahui</p>\n                <p style=\"margin: 0 0 5px 0;\">Ketua MKKS SMP Kabupten Wonosobo</p>\n                 <div style=\"height: 60px;\"></div>\n                <p style=\"margin: 0; font-weight: bold; text-decoration: underline;\">Slamet, M.Pd.I.</p>\n                <p style=\"margin: 0;\">NIP. 196912191998021004</p>\n            </div>\n        \n                ', '{\"letterSequence\":\"35\",\"dinasOfficialName\":\"\",\"dinasOfficialTitle\":\"Kepala Dinas Pendidikan, Pemuda, dan Olahraga\",\"pendampingId\":\"\",\"narasumberIds\":[],\"loanSchool\":\"\",\"keterangan\":\"\"}', '2025-11-26 06:33:54'),
('letter-690f409669ceb', 'undangan-guru', '034/MGMP-INFORMATIKA/XI/2025', '2025-11-08', 'Undangan Guru (Umum)', 'Kepala SMP/MTs se-Wonosobo', '6b7db257-0b1d-4c80-96de-dc50a76ef5c3', '3b83adf6-bb10-11f0-85bd-00163e02c8b0', '\n                    <div style=\"overflow: hidden; margin-bottom: 2rem;\"><div style=\"float: left;\"><p style=\"margin:0; line-height:1.5;\">Nomor : 034/MGMP-INFORMATIKA/XI/2025</p><p style=\"margin:0; line-height:1.5;\">Lamp : -</p><p style=\"margin:0; line-height:1.5;\">Hal&nbsp;&nbsp;&nbsp;&nbsp;&nbsp;&nbsp;: Undangan Workshop</p></div><div style=\"float: right;\"><p style=\"margin:0; line-height:1.5;\">Wonosobo, 8 November 2025</p></div></div><div style=\"clear:both;\"></div>\n                    <p style=\"margin-bottom: 1rem; text-align: justify; line-height: 1.5;\">Yth. Kepala SMP/MTs<br>Di - Wonosobo</p>\n                    <p style=\"margin-bottom: 1rem; text-align: justify; line-height: 1.5;\">Dengan hormat,</p>\n                    <p style=\"margin-bottom: 1rem; text-align: justify; line-height: 1.5; text-indent: 40px;\">Berkaitan dengan diadakannya Kegiatan BBGTK - HGN 2025 : Peningkatan Kompetensi GTK - Kab. Wonosobo, maka kami mohon kesediaan Bapak/Ibu Kepala Sekolah berkenan menugaskan kepada Guru Informatika atau Guru yang mengampu Mata Pelajaran Informatika di sekolah Bapak/Ibu untuk mengikuti acara tersebut pada :</p>\n                    \n            <table style=\"width: 100%; border-collapse: collapse; margin: 1rem 0 1rem 40px;\">\n                <tbody>\n                    <tr><td style=\"width: 120px; vertical-align: top; padding: 2px 0;\">Hari/tanggal</td><td style=\"vertical-align: top; padding: 2px 0;\">: Selasa, 11 November 2025</td></tr>\n                    <tr><td style=\"vertical-align: top; padding: 2px 0;\">Waktu</td><td style=\"vertical-align: top; padding: 2px 0;\">: 07.30 WIB &ndash; selesai</td></tr>\n                    <tr><td style=\"vertical-align: top; padding: 2px 0;\">Tempat</td><td style=\"vertical-align: top; padding: 2px 0;\">: Hotel Dafam Wonosobo</td></tr>\n                    <tr><td style=\"vertical-align: top; padding: 2px 0;\">Acara</td><td style=\"vertical-align: top; padding: 2px 0;\">: BBGTK - HGN 2025 : Peningkatan Kompetensi GTK - Kab. Wonosobo</td></tr>\n                    \n                </tbody>\n            </table>\n        \n                    <p style=\"margin-bottom: 1rem; text-align: justify; line-height: 1.5; text-indent: 40px;\">Sehubungan dengan pentingnya acara tersebut diharapkan kepada seluruh Guru Informatika atau Guru yang mengampu Mata Pelajaran Informatika SMP/MTs Kabupaten Wonosobo dapat menghadiri acara tersebut.</p>\n                    <p style=\"margin-bottom: 1rem; text-align: justify; line-height: 1.5;\">Demikian surat undangan ini kami sampaikan, atas perhatian dan kerjasamanya kami ucapkan terima kasih.</p>\n                    \n            <div style=\"margin-top: 40px; overflow: hidden;\">\n                <div style=\"float: left; width: 50%; text-align: center;\">\n                    <p style=\"margin: 0 0 5px 0;\">Ketua,</p>\n                    <div style=\"height: 60px;\"></div>\n                    <p style=\"margin: 0; font-weight: bold; text-decoration: underline;\">Kurnia Sari Utami, ST., M.Pd.</p>\n                    <p style=\"margin: 0;\">NIP. 19830401 200903 2 004</p>\n                </div>\n                <div style=\"float: right; width: 50%; text-align: center;\">\n                    <p style=\"margin: 0 0 5px 0;\">Sekretaris,</p>\n                    <div style=\"height: 60px;\"></div>\n                    <p style=\"margin: 0; font-weight: bold; text-decoration: underline;\">Nur Taufik Prastya, S.Kom.</p>\n                    <p style=\"margin: 0;\">NIP. 19801215 200903 1 004</p>\n                </div>\n            </div>\n        \n                    \n             <div style=\"margin-top: 40px; text-align: center;\">\n                <p style=\"margin: 0 0 5px 0;\">Mengetahui</p>\n                <p style=\"margin: 0 0 5px 0;\">Ketua MKKS SMP Kabupten Wonosobo</p>\n                 <div style=\"height: 60px;\"></div>\n                <p style=\"margin: 0; font-weight: bold; text-decoration: underline;\">Slamet, M.Pd.I.</p>\n                <p style=\"margin: 0;\">NIP. 196912191998021004</p>\n            </div>\n        \n                ', '{\"letterSequence\":\"034\",\"dinasOfficialName\":\"\",\"dinasOfficialTitle\":\"Kepala Dinas Pendidikan, Pemuda, dan Olahraga\",\"pendampingId\":\"\",\"narasumberIds\":[],\"loanSchool\":\"\",\"keterangan\":\"\"}', '2025-11-08 13:07:34');

INSERT IGNORE INTO `news_articles` (`id`, `title`, `content`, `author_id`, `image_url`, `created_at`)  VALUES
('2baa84b4-8b3c-4e71-a231-abd62e8c48b5', 'Koding Interaktif dengan PictoBlox: Tingkatkan Kompetensi Guru MGMP Informatika Wonosobo', '<p><strong>Wonosobo</strong> &ndash; Musyawarah Guru Mata Pelajaran (MGMP) Informatika Kabupaten Wonosobo sukses menggelar pertemuan rutin bulanan pada hari <strong>Rabu, 5 November 2025</strong>. Mengambil tema <strong>\"Koding Interaktif dengan PictoBlox (Mulai dari 0)\"</strong>, kegiatan ini bertujuan untuk meningkatkan kompetensi profesional guru dalam mengintegrasikan pemrograman blok ke dalam materi ajar mata pelajaran Informatika maupun Keterampilan Komputer dan Aplikasi (KKA).</p>\r\n<h3>Detail Pelaksanaan Kegiatan</h3>\r\n<ul>\r\n<li>\r\n<p><strong>Judul Kegiatan:</strong> Koding Interaktif dengan PictoBlox (Mulai dari 0)</p>\r\n</li>\r\n<li>\r\n<p><strong>Hari, Tanggal:</strong> Rabu, 5 November 2025</p>\r\n</li>\r\n<li>\r\n<p><strong>Waktu:</strong> 07.30 - selesai</p>\r\n</li>\r\n<li>\r\n<p><strong>Tempat:</strong> Ruang Aula SMP Bhakti Mulia, Jln. Serayu No. 01, Wonosobo</p>\r\n</li>\r\n<li>\r\n<p><strong>Peserta:</strong> Guru-guru yang tergabung dalam MGMP Informatika Kabupaten Wonosobo</p>\r\n</li>\r\n</ul>\r\n<h3>? Materi dan Fokus Pelatihan</h3>\r\n<p>Pelatihan kali ini berfokus pada penguasaan dasar-dasar pemrograman yang interaktif dan mudah diakses, dengan rincian materi sebagai berikut:</p>\r\n<ol start=\"1\">\r\n<li>\r\n<p><strong>Dasar Pemrograman Blok dengan PictoBlox:</strong> Pengenalan dan praktik dasar penggunaan <em>block coding</em> PictoBlox sebagai fondasi untuk pembelajaran Informatika dan KKA yang menyenangkan.</p>\r\n</li>\r\n<li>\r\n<p><strong>Integrasi PictoBlox dalam Pembelajaran dengan Model TPACK:</strong> Diskusi dan praktik tentang cara menggabungkan unsur Teknologi, Pedagogi, dan Konten (<em>Technological Pedagogical Content Knowledge</em> - TPACK) saat menggunakan PictoBlox di kelas.</p>\r\n</li>\r\n<li>\r\n<p><strong>Pelatihan Dasar Koding Aplikasi Interaktif Menggunakan PictoBlox:</strong> Peserta diajak untuk langsung membuat aplikasi interaktif sederhana, memberikan pengalaman praktis dalam menciptakan konten pembelajaran yang menarik.</p>\r\n</li>\r\n</ol>\r\n<h3>? Dibuka Langsung oleh Kasi PTK Disdikpora Wonosobo</h3>\r\n<p>Kegiatan ini mendapat kehormatan dengan kehadiran Ibu <strong>Istiqomatun Afifah, SE., M.M.</strong>, selaku Kasi PTK @disdikporawsb, yang turut membersamai dan secara resmi membuka acara. Kehadiran beliau menegaskan komitmen Dinas Pendidikan, Pemuda, dan Olahraga (Disdikpora) Kabupaten Wonosobo dalam mendukung upaya peningkatan kompetensi guru di wilayah tersebut.</p>\r\n<blockquote>\r\n<p><strong>\"Terima kasih kepada Ibu Istiqomatun Afifah, SE., M.M. selaku Kasi PTK @disdikporawsb yang sudah membersamai dan membuka kegiatan Peningkatan Kompetensi Guru dengan judul \'Koding Interaktif dengan PictoBlox (Mulai dari 0)\'.\"</strong></p>\r\n</blockquote>\r\n<h3>Kolaborasi dan Apresiasi</h3>\r\n<p>Antusiasme peserta sangat tinggi terlihat dari proses belajar yang interaktif. Keberhasilan pelatihan ini juga tidak lepas dari peran aktif narasumber yang berbagi ilmu dan pengalaman. Ucapan terima kasih disampaikan kepada narasumber, Ibu <strong>@ikazuliana</strong> dan Bapak <strong>@hidayatr.fz</strong>, yang telah menjadi \"teman belajar\" dan memandu para guru dalam menguasai PictoBlox dari tingkat dasar.</p>\r\n<p>Diharapkan, setelah mengikuti kegiatan ini, para guru dapat mengaplikasikan ilmu yang didapat untuk menciptakan proses belajar mengajar yang lebih inovatif, khususnya dalam menyajikan konsep pemrograman dengan cara yang lebih mudah dipahami dan interaktif bagi peserta didik.</p>\r\n<p>Pertemuan MGMP Informatika Kabupaten Wonosobo selanjutnya diharapkan akan terus menjadi wadah inspirasi dan pengembangan diri bagi guru-guru Informatika di Wonosobo.</p>', '3b83adf6-bb10-11f0-85bd-00163e02c8b0', '/uploads/news/news-690dd4e6ba1734.70977865.png', '2025-11-06 15:59:11'),
('6035fb5c-a9a7-4a56-8a38-54663ce20917', 'MGMP Informatika Wonosobo Sukses Gelar Pertemuan September 2025: Fokus Pemetaan Kurikulum dan Python Dasar', '<p><strong>Wonosobo, 3 September 2025</strong> &ndash; Musyawarah Guru Mata Pelajaran (MGMP) Informatika Kabupaten Wonosobo sukses melaksanakan pertemuan rutin bulanan September 2025. Acara yang berlangsung di <strong>Ruang Aula SMP Bhakti Mulia</strong> (Jln. Serayu No. 01, Wonosobo) ini dihadiri oleh puluhan guru Informatika se-Kabupaten Wonosobo dan berjalan dengan <strong>baik dan lancar</strong> sesuai jadwal, dimulai sejak pukul 07.30 hingga selesai.</p>\r\n<p>Pertemuan kali ini mengusung tiga materi utama yang sangat relevan dengan kebutuhan pengajaran di tingkat SMP:</p>\r\n<h3><strong>1. Pemetaan Capaian Pembelajaran (CP) dan Kriteria Ketercapaian Tujuan Pembelajaran (KKTP)</strong></h3>\r\n<p>Sesi pertama dibuka dengan pembahasan mendalam mengenai <strong>Pemetaan Capaian Pembelajaran (CP) Informatika dan Kriteria Ketercapaian Tujuan Pembelajaran (KKTP)</strong>. Para guru aktif berdiskusi untuk menyamakan persepsi terkait langkah-langkah konkret dalam menerjemahkan CP Kurikulum Merdeka menjadi alur tujuan pembelajaran yang terstruktur dan mudah diajarkan.</p>\r\n<h3><strong>2. Bedah Buku Pendamping Kelas 9 (Pemrograman Python)</strong></h3>\r\n<p>Materi dilanjutkan dengan <strong>Bedah Buku Pendamping Kelas 9</strong>, yang secara spesifik membahas materi <strong>Pemrograman Python</strong>. Diskusi ini menjadi ajang kolaborasi untuk mengulas konten dan strategi pengajaran yang paling efektif.</p>\r\n<h3><strong>3. Belajar Koding Python Dasar dengan Penjelasan yang Mudah</strong></h3>\r\n<p>Sesi puncak diisi dengan <strong>Belajar Koding dengan Bahasa Pemrograman Python</strong> yang dibawakan langsung oleh <strong>Ahmad Munif, S.Kom, dari SMP Negeri 3 Kalikajar</strong>.</p>\r\n<p>Sesi ini secara khusus <strong>menekankan pada materi dasar (basic) Python</strong> dengan penyampaian yang dirancang agar <strong>mudah dipahami oleh siswa SMP</strong>. Metode pembelajaran yang digunakan adalah <strong>praktik langsung (hands-on)</strong>, memungkinkan para guru untuk merasakan dan menguasai langkah-langkah dasar <em>coding</em> yang akan mereka ajarkan kepada siswa.</p>\r\n<blockquote>\r\n<p>\"Fokus kita adalah bagaimana membuat <em>coding</em> Python ini tidak lagi terasa menakutkan, tetapi menyenangkan dan mudah dicerna oleh anak-anak. Dengan penguasaan konsep dasar dan praktik langsung, guru dapat menyampaikan materi ini dengan lebih percaya diri,\" jelas Bapak Ahmad Munif, S.Kom.</p>\r\n</blockquote>\r\n<p>Ketua MGMP Informatika Wonosobo menyampaikan apresiasi atas kontribusi pemateri dan partisipasi aktif para guru. Pertemuan ini menegaskan komitmen MGMP dalam meningkatkan kualitas pengajaran Informatika, khususnya dalam menyiapkan guru agar mahir dalam mentransfer ilmu pemrograman dasar kepada peserta didik.</p>\r\n<p>Kegiatan yang berlangsung meriah ini diakhiri dengan sesi tanya jawab dan rencana tindak lanjut, memastikan materi yang telah didapatkan segera diimplementasikan secara optimal di sekolah masing-masing.</p>', '2a4a92a0-ad38-4c99-b55d-41e6e0b2a1f6', '/uploads/news/news-690f534ab4daa6.52354864.png', '2025-11-08 14:27:22'),
('f882bf19-94f3-4390-9dd4-52a9852c6226', 'Peningkatan Kompetensi Guru di Wonosobo: Membangun Dasar Koding dan Kecerdasan Artifisial dengan Berpikir Komputasional', '<p><strong>Wonosobo, 11 November 2025</strong> &ndash; Balai Besar Guru dan Tenaga Kependidikan (BBGTK) Provinsi Jawa Tengah dari Kemendikdasmen hari ini menggelar kegiatan strategis bertajuk <strong>Peningkatan Kompetensi Guru (PKG) Koding untuk Kecerdasan Artifisial</strong> di Hotel Dafam Wonosobo. Acara ini berfokus pada pelatihan bagi guru untuk mempersiapkan peserta didik menghadapi tantangan digital masa depan.</p>\r\n<p>Kegiatan ini merupakan bagian dari Program Prioritas Kemendikdasmen, yaitu <strong>Peningkatan Kompetensi Guru Mapel Pilihan Koding Kecerdasan Artifisial</strong>. Tujuannya tidak hanya sebatas penguasaan teknis, tetapi juga pengembangan pola pikir kritis dan etis pada peserta didik.</p>\r\n<h3>Dasar Koding: Memahami Berpikir Komputasional</h3>\r\n<p>Inti dari pelatihan ini adalah memperkenalkan dan memperdalam <strong>Berpikir Komputasional (BK)</strong> sebagai fondasi utama sebelum melangkah ke Koding dan Kecerdasan Artifisial (KA).</p>\r\n<p>Berpikir Komputasional didefinisikan sebagai cara berpikir untuk memecahkan masalah kompleks secara efektif dan efisien, menyerupai pola pikir komputer. Konsep ini sangat erat kaitannya dengan kompetensi abad ke-21 yang dikenal sebagai <strong>4C</strong>: Critical Thinking (Berpikir Kritis), Creativity (Kreativitas), Communication (Komunikasi), dan Collaboration (Kolaborasi).</p>\r\n<p>Terdapat empat prinsip utama dalam Berpikir Komputasional yang dilatihkan kepada peserta:</p>\r\n<ul>\r\n<li>\r\n<p><strong>Dekomposisi:</strong> Memecah masalah besar menjadi bagian-bagian yang lebih kecil dan mudah dikelola, seperti langkah-langkah dalam memasak mie instan.</p>\r\n</li>\r\n<li>\r\n<p><strong>Pengenalan Pola:</strong> Mencari kesamaan pola dalam berbagai masalah untuk menemukan solusi yang dapat digunakan kembali, seperti memprediksi hujan berdasarkan cuaca mendung dan angin.</p>\r\n</li>\r\n<li>\r\n<p><strong>Abstraksi:</strong> Menyaring informasi yang tidak relevan dan hanya fokus pada bagian yang penting untuk menyelesaikan masalah, layaknya melihat peta jalan yang hanya menampilkan informasi utama.</p>\r\n</li>\r\n<li>\r\n<p><strong>Berpikir Algoritma:</strong> Menyusun langkah-langkah atau prosedur yang sistematis dan logis, misalnya menyusun langkah-langkah menyikat gigi secara berurutan.</p>\r\n</li>\r\n</ul>\r\n<h3>Hubungan Erat dengan Koding dan Pembelajaran Mendalam</h3>\r\n<p>Dalam konteks Koding, prinsip-prinsip BK memiliki penerapan langsung:</p>\r\n<ul>\r\n<li>\r\n<p><strong>Dekomposisi</strong> diwujudkan dalam pembagian proyek koding ke dalam kelompok elemen (gerakan, suara, karakter).</p>\r\n</li>\r\n<li>\r\n<p><strong>Pengenalan Pola</strong> diterapkan melalui penggunaan kode <em>loop</em> (perulangan) untuk efisiensi.</p>\r\n</li>\r\n<li>\r\n<p><strong>Abstraksi</strong> diimplementasikan dengan menggunakan blok kode yang sudah ada (fungsi/variabel) agar kode ringkas.</p>\r\n</li>\r\n<li>\r\n<p><strong>Berpikir Algoritma</strong> menjadi panduan untuk menulis kode yang urut dan logis.</p>\r\n</li>\r\n</ul>\r\n<p>Pelatihan ini juga mengaitkan Koding-KA dengan konsep <strong>Pembelajaran Mendalam (PM)</strong>, yang menekankan pada pengaktifan olah pikir, olah hati, dan olah rasa secara utuh. Pembelajaran Koding dan KA diaktualisasikan melalui pemecahan masalah dengan berpikir komputasional, pengembangan <strong>etika digital</strong> dan <em>human-centered mindset</em>, serta pengerjaan proyek nyata berbasis AI untuk masalah sosial.</p>\r\n<p>Sesi praktik dalam pelatihan mencakup <strong>Unplugged Coding</strong> (tanpa komputer) melalui permainan seperti Balok Gigo dan teka-teki berpola dan <strong>Plugged Coding</strong> (menggunakan komputer) untuk pengenalan pola dan perulangan menggunakan kode blok. Salah satu praktik utama adalah membuat <em>Game Tangkap Buah Sederhana</em> menggunakan kode blok.</p>\r\n<p>Dengan pelatihan ini, BBGTK Provinsi Jawa Tengah berharap para guru dapat membentuk generasi yang tidak hanya mahir teknologi, tetapi juga memiliki kemampuan penyelesaian masalah yang mendalam.</p>', '2a4a92a0-ad38-4c99-b55d-41e6e0b2a1f6', '/uploads/news/news-691355c0618e70.35462263.png', '2025-11-11 15:26:56');

INSERT IGNORE INTO `questions` (`id`, `mapel`, `kelas`, `level`, `content`, `options`, `answer_key`, `type`, `status`, `created_at`) VALUES
('5c635591-c609-11f0-8eae-00163e02c8b0', 'Informatika', 'Kelas VII', 'Mudah', '<p>Seorang perancang peta digital hanya menampilkan jalan raya utama dan poin penting, mengabaikan detail kecil seperti warna atap rumah atau jumlah tiang listrik. Proses memfokuskan pada detail yang penting dan mengabaikan detail yang kurang relevan untuk mempermudah representasi masalah, adalah konsep dari...</p>', '[{"id":"A","text":"Penentuan Algoritma","is_correct":false},{"id":"B","text":"Prosedur Dekomposisi","is_correct":false},{"id":"C","text":"Penerapan Pengenalan Pola","is_correct":false},{"id":"D","text":"Penerapan Abstraksi","is_correct":true}]', 'D', 'single_choice', 'published', '2025-11-20 12:06:35'),
('9a107e47-c60d-11f0-8eae-00163e02c8b0', 'Informatika', 'Kelas VII', 'Mudah', '<p>Budi membandingkan berita dari</p>\r\n<ol>\r\n<li>portal berita terkenal dan&nbsp;</li>\r\n<li>akun media sosial anonim.</li>\r\n</ol>\r\n<p>Portal berita terkenal dianggap kredibel karena ciri utamanya adalah...</p>', '[{"id":"A","text":"Memiliki tim editor yang ketat dan memverifikasi berita","is_correct":true},{"id":"B","text":"Hanya menyajikan opini dari masyarakat umum tanpa verifikasi","is_correct":false},{"id":"C","text":"Mengandalkan sumber anonim untuk mempercepat publikasi","is_correct":false},{"id":"D","text":"Menyampaikan berita dengan gaya bahasa yang sensasional","is_correct":false}]', 'A', 'single_choice', 'published', '2025-11-20 12:36:57');

INSERT IGNORE INTO `site_content` (`id`, `home_hero_title`, `home_hero_subtitle`, `home_hero_image`, `profile_visi`, `profile_misi`, `profile_sejarah`, `profile_struktur`, `contact_address`, `contact_phone`, `contact_email`, `contact_map_url`, `app_logo`, `app_favicon`, `kop_surat`, `ketua_nama`, `ketua_nip`, `ketua_signature_url`, `sekretaris_nama`, `sekretaris_nip`, `sekretaris_signature_url`, `mkks_nama`, `mkks_nip`, `mkks_signature_url`, `updated_at`)  VALUES
(1, '/uploads/asset_690db51a2815c9.53152241.png', 'Bergabung Bersama Kami', '', '<p style=\"text-align: center; margin-bottom: 1.5em;\">Menjadi komunitas guru Informatika SMP/MTs Kabupaten Wonosobo yang profesional, inovatif, dan berkolaborasi untuk menghasilkan peserta didik yang unggul dalam literasi digital serta siap menghadapi tantangan era teknologi.</p>', '<div style=\"padding: 15px; margin: 10px;\">\r\n    <p style=\"text-align: center; margin-bottom: 1.5em;\"><strong>Misi MGMP Informatika SMP/MTs Kabupaten Wonosobo</strong></p>\r\n    \r\n    <hr style=\"border-top: 1px solid #aaa;\">\r\n\r\n    <ul style=\"list-style-type: square; padding-left: 25px;\">\r\n        \r\n        <li style=\"text-align: justify; margin-bottom: 10px;\">\r\n            <strong>Peningkatan Kompetensi Guru:</strong> Menyelenggarakan kegiatan pelatihan, <em>workshop</em>, dan seminar secara berkala untuk meningkatkan \r\n            <strong>kompetensi pedagogik dan profesional</strong> guru Informatika.\r\n        </li>\r\n        \r\n        <li style=\"text-align: justify; margin-bottom: 10px;\">\r\n            <strong>Pengembangan Inovasi Pembelajaran:</strong> Mendorong guru untuk mengembangkan dan menerapkan metode, strategi, dan media pembelajaran \r\n            Informatika yang <strong>kreatif dan inovatif</strong> serta relevan dengan Kurikulum Merdeka.\r\n        </li>\r\n        \r\n        <li style=\"text-align: justify; margin-bottom: 10px;\">\r\n            <strong>Penguatan Kolaborasi:</strong> Membangun jaringan kerja yang solid antar anggota MGMP untuk <strong>saling berbagi pengalaman, pengetahuan, dan pemecahan masalah</strong>.\r\n        </li>\r\n        \r\n        <li style=\"text-align: justify; margin-bottom: 10px;\">\r\n            <strong>Kontribusi Pendidikan Digital:</strong> Berperan aktif dalam menumbuhkan <strong>budaya literasi dan etika digital</strong> di lingkungan sekolah dan masyarakat Kabupaten Wonosobo.\r\n        </li>\r\n        \r\n        <li style=\"text-align: justify;\">\r\n            <strong>Penguatan Organisasi:</strong> Mengelola organisasi MGMP secara <strong>mandiri, transparan, dan akuntabel</strong> demi keberlanjutan dan peningkatan manfaat bagi anggota.\r\n        </li>\r\n        \r\n    </ul>\r\n</div>', '<div>\r\n    <h3 style=\"text-align: center; margin-bottom: 1.5em;\"><strong>Sejarah Singkat MGMP Informatika SMP/MTs Kabupaten Wonosobo</strong></h3>\r\n\r\n    <hr>\r\n\r\n    <p style=\"text-align: justify; margin-bottom: 1.5em;\">\r\n        Musyawarah Guru Mata Pelajaran (MGMP) Informatika Kabupaten Wonosobo berakar kuat dari <strong>MGMP TIK (Teknologi Informasi dan Komunikasi)</strong> yang didirikan sekitar tahun ajaran 2006/2007 atau 2007/2008. Komunitas ini merupakan wadah kolaborasi profesional yang diawali dengan kepemimpinan tokoh seperti Bapak <strong>Sigit Muntijara</strong> dari SMPN 2 Wonosobo, disusul oleh Bapak Bejo Sunyoto dan Bapak Sartana. Semangat organisasi telah terbangun sejak dini, dibuktikan dengan dedikasi salah satu anggota kunci, Ibu Setya, yang telah mengemban posisi bendahara sejak tahun 2006/2007 hingga saat ini, menjadikannya \'bendahara abadi\' yang memegang memori keuangan organisasi.\r\n    </p>\r\n\r\n    <p style=\"text-align: justify;\">\r\n        Perjalanan MGMP TIK sempat mengalami tantangan berat dan masa vakum ketika <strong>Kurikulum 2013</strong> diimplementasikan, di mana mata pelajaran TIK ditiadakan dari struktur kurikulum wajib, memaksa organisasi untuk \"tenggelam.\" Namun, semangat para guru tidak padam. Komunitas ini kembali bangkit dan bertransformasi seiring adanya perubahan kebijakan pendidikan, membentuk <strong>MGMP Informatika</strong> yang kita kenal saat ini. Organisasi ini tidak hanya fokus pada pembelajaran Informatika konvensional, tetapi juga berfokus pada pengembangan di masa depan, termasuk penguatan <b>Koding dan Kecerdasan Artifisial (KKA)</b>, menegaskan kesiapan MGMP dalam menghadapi dan mengintegrasikan teknologi terkini.\r\n    </p>\r\n</div>', '<div style=\"margin: 20px auto; max-width: 800px;\">\r\n    <h3 style=\"text-align: center;\"><strong>DAFTAR PENGURUS MGMP INFORMATIKA SMP/MTs<br>KABUPATEN WONOSOBO</strong></h3>\r\n\r\n    <table style=\"width: 100%; border-collapse: collapse; margin-top: 15px;\">\r\n        <thead style=\"background-color: #f2f2f2;\">\r\n            <tr>\r\n                <th style=\"border: 1px solid #ddd; padding: 8px; text-align: center;\">No.</th>\r\n                <th style=\"border: 1px solid #ddd; padding: 8px; text-align: left;\">Nama</th>\r\n                <th style=\"border: 1px solid #ddd; padding: 8px; text-align: left;\">Unit Kerja</th>\r\n                <th style=\"border: 1px solid #ddd; padding: 8px; text-align: left;\">Jabatan</th>\r\n            </tr>\r\n        </thead>\r\n        <tbody>\r\n            <tr>\r\n                <td style=\"border: 1px solid #ddd; padding: 8px; text-align: center;\">1.</td>\r\n                <td style=\"border: 1px solid #ddd; padding: 8px;\">Kurnia Sari Utami, S.T.,M.Pd.</td>\r\n                <td style=\"border: 1px solid #ddd; padding: 8px;\">SMP Negeri 1 Wonosobo</td>\r\n                <td style=\"border: 1px solid #ddd; padding: 8px;\">Ketua</td>\r\n            </tr>\r\n            <tr>\r\n                <td style=\"border: 1px solid #ddd; padding: 8px; text-align: center;\">2.</td>\r\n                <td style=\"border: 1px solid #ddd; padding: 8px;\">Riowijaya Hendra Saputra, S.Kom.</td>\r\n                <td style=\"border: 1px solid #ddd; padding: 8px;\">SMP Negeri 3 Garung</td>\r\n                <td style=\"border: 1px solid #ddd; padding: 8px;\">Wakil Ketua</td>\r\n            </tr>\r\n            <tr>\r\n                <td style=\"border: 1px solid #ddd; padding: 8px; text-align: center;\">3.</td>\r\n                <td style=\"border: 1px solid #ddd; padding: 8px;\">Nur Taufik Prastya, S.Kom.</td>\r\n                <td style=\"border: 1px solid #ddd; padding: 8px;\">SMP Negeri 1 Garung</td>\r\n                <td style=\"border: 1px solid #ddd; padding: 8px;\">Sekretaris I</td>\r\n            </tr>\r\n            <tr>\r\n                <td style=\"border: 1px solid #ddd; padding: 8px; text-align: center;\">4.</td>\r\n                <td style=\"border: 1px solid #ddd; padding: 8px;\">Leonardo Hiendarto, Amd.</td>\r\n                <td style=\"border: 1px solid #ddd; padding: 8px;\">SMP Bhakti Mulia</td>\r\n                <td style=\"border: 1px solid #ddd; padding: 8px;\">Sekretaris II</td>\r\n            </tr>\r\n            <tr>\r\n                <td style=\"border: 1px solid #ddd; padding: 8px; text-align: center;\">5.</td>\r\n                <td style=\"border: 1px solid #ddd; padding: 8px;\">Setya Puji Rahayu, S.Kom.</td>\r\n                <td style=\"border: 1px solid #ddd; padding: 8px;\">SMP Negeri 1 Mojotengah</td>\r\n                <td style=\"border: 1px solid #ddd; padding: 8px;\">Bendahara I</td>\r\n            </tr>\r\n            <tr>\r\n                <td style=\"border: 1px solid #ddd; padding: 8px; text-align: center;\">6.</td>\r\n                <td style=\"border: 1px solid #ddd; padding: 8px;\">Supri Hartati, S.Kom.</td>\r\n                <td style=\"border: 1px solid #ddd; padding: 8px;\">SMP Negeri 1 Sapuran</td>\r\n                <td style=\"border: 1px solid #ddd; padding: 8px;\">Bendahara II</td>\r\n            </tr>\r\n            <tr>\r\n                <td style=\"border: 1px solid #ddd; padding: 8px; text-align: center;\">7.</td>\r\n                <td style=\"border: 1px solid #ddd; padding: 8px;\">Luluatin Nadhifah, S.Kom.</td>\r\n                <td style=\"border: 1px solid #ddd; padding: 8px;\">SMP Negeri 2 Watumalang</td>\r\n                <td style=\"border: 1px solid #ddd; padding: 8px;\">Bid. Dokumentasi dan Pelaporan</td>\r\n            </tr>\r\n            <tr>\r\n                <td style=\"border: 1px solid #ddd; padding: 8px; text-align: center;\">8.</td>\r\n                <td style=\"border: 1px solid #ddd; padding: 8px;\">Ika Zuliana, S.Kom.</td>\r\n                <td style=\"border: 1px solid #ddd; padding: 8px;\">SMP Negeri 1 Kejajar</td>\r\n                <td style=\"border: 1px solid #ddd; padding: 8px;\">Bid. Dokumentasi dan Pelaporan</td>\r\n            </tr>\r\n            <tr>\r\n                <td style=\"border: 1px solid #ddd; padding: 8px; text-align: center;\">9.</td>\r\n                <td style=\"border: 1px solid #ddd; padding: 8px;\">Maryanto, S.Kom.</td>\r\n                <td style=\"border: 1px solid #ddd; padding: 8px;\">SMP Negeri 2 Kepil</td>\r\n                <td style=\"border: 1px solid #ddd; padding: 8px;\">Bid. Pendidikan dan Pelatihan</td>\r\n            </tr>\r\n            <tr>\r\n                <td style=\"border: 1px solid #ddd; padding: 8px; text-align: center;\">10.</td>\r\n                <td style=\"border: 1px solid #ddd; padding: 8px;\">Yuyun Afianto, S.Kom.</td>\r\n                <td style=\"border: 1px solid #ddd; padding: 8px;\">SMP Negeri 1 Leksono</td>\r\n                <td style=\"border: 1px solid #ddd; padding: 8px;\">Bid. Pendidikan dan Pelatihan</td>\r\n            </tr>\r\n            <tr>\r\n                <td style=\"border: 1px solid #ddd; padding: 8px; text-align: center;\">11.</td>\r\n                <td style=\"border: 1px solid #ddd; padding: 8px;\">Ahmad Munif , S.Kom.</td>\r\n                <td style=\"border: 1px solid #ddd; padding: 8px;\">SMP Negeri 3 Kalikajar</td>\r\n                <td style=\"border: 1px solid #ddd; padding: 8px;\">Bid. Publikasi dan Humas</td>\r\n            </tr>\r\n            <tr>\r\n                <td style=\"border: 1px solid #ddd; padding: 8px; text-align: center;\">12.</td>\r\n                <td style=\"border: 1px solid #ddd; padding: 8px;\">Elang Sutopo, S.Kom.</td>\r\n                <td style=\"border: 1px solid #ddd; padding: 8px;\">SMP Negeri 4 Sapuran</td>\r\n                <td style=\"border: 1px solid #ddd; padding: 8px;\">Bid. Publikasi dan Humas</td>\r\n            </tr>\r\n            <tr>\r\n                <td style=\"border: 1px solid #ddd; padding: 8px; text-align: center;\">13.</td>\r\n                <td style=\"border: 1px solid #ddd; padding: 8px;\">Sumarsih, S.Kom.</td>\r\n                <td style=\"border: 1px solid #ddd; padding: 8px;\">MTs Negeri Wonosobo</td>\r\n                <td style=\"border: 1px solid #ddd; padding: 8px;\">Bid. Publikasi dan Humas</td>\r\n            </tr>\r\n            <tr>\r\n                <td style=\"border: 1px solid #ddd; padding: 8px; text-align: center;\">14.</td>\r\n                <td style=\"border: 1px solid #ddd; padding: 8px;\">Ibnu Toyib, S.Kom.</td>\r\n                <td style=\"border: 1px solid #ddd; padding: 8px;\">SMP Negeri 1 Leksono</td>\r\n                <td style=\"border: 1px solid #ddd; padding: 8px;\">Bid. Kurikulum</td>\r\n            </tr>\r\n            <tr>\r\n                <td style=\"border: 1px solid #ddd; padding: 8px; text-align: center;\">15.</td>\r\n                <td style=\"border: 1px solid #ddd; padding: 8px;\">Chanifah, S.Kom.</td>\r\n                <td style=\"border: 1px solid #ddd; padding: 8px;\">SMP Negeri 1 Mojotengah</td>\r\n                <td style=\"border: 1px solid #ddd; padding: 8px;\">Bid. Kurikulum</td>\r\n            </tr>\r\n        </tbody>\r\n    </table>\r\n</div>', 'Jl. Pangeran Diponegoro No.7, Kabupaten Wonosobo, Jawa Tengah 56311', '082242575577', 'mgmpinformatikawsb@gmail.com\r\n', 'https://www.google.com/maps/embed?pb=!1m18!1m12!1m3!1d974.1273173544312!2d109.90176421673424!3d-7.358387675029981!2m3!1f0!2f0!3f0!3m2!1i1024!2i768!4f13.1!3m3!1m2!1s0x2e7aa0f87b90e9b5%3A0x3f03655a181a7e77!2sSMP%20Negeri%201%20Wonosobo!5e0!3m2!1sen!2sid!4v1762506278053!5m2!1sen!2sid', '/uploads/asset_690db46dee4da1.53876645.png', '/uploads/asset_690db46dee7959.61724977.png', '/uploads/asset_690ee9aa07fe33.64718042.png', 'Kurnia Sari Utami, ST., M.Pd.', '19830401 200903 2 004', '/uploads/asset_696854abed1fb0.81824410.png', 'Nur Taufik Prastya, S.Kom.', '19801215 200903 1 004', '/uploads/asset_696854abed61b3.36346472.png', 'Slamet, M.Pd.I.', '196912191998021004', NULL, '2026-01-15 02:44:59');

INSERT IGNORE INTO `premium_subscriptions` (`id`, `user_id`, `payment_proof_url`, `status`, `start_date`, `end_date`, `created_at`) VALUES
('2fc46c6e-1730-4a79-9f76-d714abab1302', '99699b81-a046-4f24-9a13-824fe3d4f778', 'uploads/payment/99699b81-a046-4f24-9a13-824fe3d4f778_1770179761.jpg', 'active', '2026-02-04 00:00:00', '2027-02-04 00:00:00', '2026-02-04 04:36:01'),
('35ee4ae1-8f83-42a8-8652-2521a6429fa3', '43229640-fe2b-41f2-b03c-846bb0e2b483', 'uploads/payment/43229640-fe2b-41f2-b03c-846bb0e2b483_1764059488.png', 'active', '2025-11-25 00:00:00', '2026-11-25 00:00:00', '2025-11-25 08:31:28'),
('703dfd46-9d58-43bc-bc66-a10636d17ad2', '9788c017-f40e-40be-928e-860da1fecdc1', 'uploads/payment/9788c017-f40e-40be-928e-860da1fecdc1_1770175007.jpg', 'pending', NULL, NULL, '2026-02-04 03:16:47'),
('7495f753-356f-4b20-a9b1-dd1bc8291ba6', '2a4a92a0-ad38-4c99-b55d-41e6e0b2a1f6', 'uploads/payment/2a4a92a0-ad38-4c99-b55d-41e6e0b2a1f6_1763631605.jpg', 'active', '2025-11-19 00:00:00', '2026-11-19 00:00:00', '2025-11-20 09:40:05');


SET FOREIGN_KEY_CHECKS=1;
